
/sitemap.xml /sitemap.xml 200
/sustainability-impact-tracker /sustainability-impact-tracker-secondary-glazing 301!
/residential/traditional-options /residential/traditional-options 200
/residential/modern-solutions /residential/modern-solutions 200
/residential/combination /residential/combination 200
/residential/horizontal-sliding /residential/horizontal-sliding 200
/residential/bay-windows /residential/bay-windows 200
/residential/sash-windows /residential/sash-windows 200
/commercial/hospitality-sector /commercial/hospitality-sector 200
/commercial/office-buildings /commercial/office-buildings 200
/specialized/condensation-control /specialized/condensation-control 200
/specialized/acoustic-glazing /specialized/acoustic-glazing 200
/secondary-glazing-repairs /secondary-glazing-repairs 200
/* /index.html 200
